company,job_title,location,job_url,source,visa_sponsorship_possible,scraped_date
Care UK,Bank Care Assistant,UK,https://apply.careuk.com/vacancies/5093/apply/,Care UK,True,2026-10-09
Care UK,Bank Cleaner,UK,https://apply.careuk.com/vacancies/8754/apply/,Care UK,True,2026-10-09
Care UK,Bank Registered Nurse,UK,https://apply.careuk.com/vacancies/11738/apply/,Care UK,True,2026-10-09
Care UK,Bank Worker for Tippethill,UK,https://apply.careuk.com/vacancies/10530/apply/,Care UK,True,2026-10-09
Care UK,Business Administrator,UK,https://apply.careuk.com/vacancies/13598/apply/,Care UK,True,2026-10-09
Care UK,Care Assistant,UK,https://apply.careuk.com/vacancies/4933/apply/,Care UK,True,2026-10-09
Care UK,Care Assistant,UK,https://apply.careuk.com/vacancies/13917/apply/,Care UK,True,2026-10-09
Care UK,Care Assistant,UK,https://apply.careuk.com/vacancies/1355/apply/,Care UK,True,2026-10-09
Care UK,Care Assistant,UK,https://apply.careuk.com/vacancies/12666/apply/,Care UK,True,2026-10-09
Care UK,Care Assistant,UK,https://apply.careuk.com/vacancies/12787/apply/,Care UK,True,2026-10-09
Care UK,Care Assistant,UK,https://apply.careuk.com/vacancies/15864/apply/,Care UK,True,2026-10-09
Care UK,Care Assistant,UK,https://apply.careuk.com/vacancies/900/apply/,Care UK,True,2026-10-09
Care UK,Care Assistant Bank,UK,https://apply.careuk.com/vacancies/5250/apply/,Care UK,True,2026-10-09
Care UK,Care Assistant Bank,UK,https://apply.careuk.com/vacancies/12932/apply/,Care UK,True,2026-10-09
Care UK,Care Assistant Bank,UK,https://apply.careuk.com/vacancies/16914/apply/,Care UK,True,2026-10-09
Care UK,Catering Assistant,UK,https://apply.careuk.com/vacancies/14352/apply/,Care UK,True,2026-10-09
Care UK,Cook Bank,UK,https://apply.careuk.com/vacancies/14584/apply/,Care UK,True,2026-10-09
Care UK,Domestic Bank,UK,https://apply.careuk.com/vacancies/8463/apply/,Care UK,True,2026-10-09
Care UK,Domestic Bank,UK,https://apply.careuk.com/vacancies/15708/apply/,Care UK,True,2026-10-09
Care UK,Home Manager,UK,https://apply.careuk.com/vacancies/17352/apply/,Care UK,True,2026-10-09
Care UK,Host Bank,UK,https://apply.careuk.com/vacancies/14003/apply/,Care UK,True,2026-10-09
Care UK,Housekeeper,UK,https://apply.careuk.com/vacancies/11815/apply/,Care UK,True,2026-10-09
Care UK,Housekeeper Bank,UK,https://apply.careuk.com/vacancies/16071/apply/,Care UK,True,2026-10-09
Care UK,Housekeeper Bank,UK,https://apply.careuk.com/vacancies/16913/apply/,Care UK,True,2026-10-09
Care UK,Receptionist Bank,UK,https://apply.careuk.com/vacancies/15107/apply/,Care UK,True,2026-10-09
Care UK,Registered Nurse,UK,https://apply.careuk.com/vacancies/392/apply/,Care UK,True,2026-10-09
Care UK,Second Chef,UK,https://apply.careuk.com/vacancies/15598/apply/,Care UK,True,2026-10-09
Care UK,Senior Care Assistant,UK,https://apply.careuk.com/vacancies/12786/apply/,Care UK,True,2026-10-09
Care UK,Senior Care Assistant Days,UK,https://apply.careuk.com/vacancies/16726/apply/,Care UK,True,2026-10-09
Care UK,Sous Chef Bank,UK,https://apply.careuk.com/vacancies/12952/apply/,Care UK,True,2026-10-09
HC-One,Head Chef,Glasgow All Locations is a required field Home/Department: The Village,https://apply.hc-one.co.uk/74394/head-chef.html,HC-One,True,2026-10-09
HC-One,Head Chef,Wigan All Locations is a required field Home/Department: Westwood Lodge,https://apply.hc-one.co.uk/74391/head-chef.html,HC-One,True,2026-10-09
HC-One,Registered Nurse,Glasgow All Locations is a required field Home/Department: The Village,https://apply.hc-one.co.uk/74395/registered-nurse.html,HC-One,True,2026-10-09
Affirm,"Analyst II, Credit",Remote UK,https://job-boards.greenhouse.io/affirm/jobs/7832318003,Greenhouse,True,2026-10-09
Affirm,"Analytics Lead, Full Stack",Remote UK,https://job-boards.greenhouse.io/affirm/jobs/7799329003,Greenhouse,True,2026-10-09
Affirm,"Compliance Manager (Data Protection Officer, Regulatory Compliance & Privacy)",Remote UK,https://job-boards.greenhouse.io/affirm/jobs/7850550003,Greenhouse,True,2026-10-09
Affirm,"Director, Key Accounts Sales",Remote UK,https://job-boards.greenhouse.io/affirm/jobs/7871086003,Greenhouse,True,2026-10-09
Affirm,Executive Assistant III,Remote UK,https://job-boards.greenhouse.io/affirm/jobs/7995763003,Greenhouse,True,2026-10-09
Affirm,"Manager, Software Engineering (Identity)",Remote UK,https://job-boards.greenhouse.io/affirm/jobs/8012584003,Greenhouse,True,2026-10-09
Affirm,Senior Product Designer,Remote UK,https://job-boards.greenhouse.io/affirm/jobs/7990774003,Greenhouse,True,2026-10-09
Affirm,"Senior Software Engineer, Backend (Identity International)",Remote UK,https://job-boards.greenhouse.io/affirm/jobs/8000364003,Greenhouse,True,2026-10-09
Affirm,"Senior Software Engineer, Fullstack (International)",Remote UK,https://job-boards.greenhouse.io/affirm/jobs/7827039003,Greenhouse,True,2026-10-09
Affirm,"Software Engineer II, Fullstack (International)",Remote UK,https://job-boards.greenhouse.io/affirm/jobs/7854835003,Greenhouse,True,2026-10-09
Affirm,"Staff Product Manager, Comms Platform",Remote UK,https://job-boards.greenhouse.io/affirm/jobs/8008483003,Greenhouse,True,2026-10-09
Affirm,"Staff Software Engineer, Backend (Identity International)",Remote UK,https://job-boards.greenhouse.io/affirm/jobs/7979134003,Greenhouse,True,2026-10-09
Monzo,Anaplan Support Analyst,"Cardiff, London or Remote (UK)",https://job-boards.greenhouse.io/monzo/jobs/8143930,Greenhouse,True,2026-10-09
Monzo,Associate Data Scientist - Intern,London,https://job-boards.greenhouse.io/monzo/jobs/8232726,Greenhouse,True,2026-10-09
Monzo,Associate Software Engineer - Intern,London,https://job-boards.greenhouse.io/monzo/jobs/8156261,Greenhouse,True,2026-10-09
Monzo,Backend Engineer III,"Cardiff, London or Remote (UK)",https://job-boards.greenhouse.io/monzo/jobs/6635595,Greenhouse,True,2026-10-09
Monzo,Controls Product Senior Manager,London; Remote (UK),https://job-boards.greenhouse.io/monzo/jobs/8245673,Greenhouse,True,2026-10-09
Monzo,Credit Model Validation Manager (Machine Learning & NPV Models),"Cardiff, London or Remote (UK)",https://job-boards.greenhouse.io/monzo/jobs/8023162,Greenhouse,True,2026-10-09
Monzo,"Credit Risk Manager, Portfolio Management",London; Remote (UK),https://job-boards.greenhouse.io/monzo/jobs/7991227,Greenhouse,True,2026-10-09
Monzo,Credit Risk Oversight Manager,"Cardiff, London or Remote (UK)",https://job-boards.greenhouse.io/monzo/jobs/8236487,Greenhouse,True,2026-10-09
Monzo,"Data Director, EU","Barcelona; Cardiff, London or Remote (UK)",https://job-boards.greenhouse.io/monzo/jobs/8258208,Greenhouse,True,2026-10-09
Monzo,"Data Director, Payments","Cardiff, London or Remote (UK)",https://job-boards.greenhouse.io/monzo/jobs/8146871,Greenhouse,True,2026-10-09
Monzo,Data Science Manager,"Cardiff, London or Remote (UK)",https://job-boards.greenhouse.io/monzo/jobs/7194922,Greenhouse,True,2026-10-09
Monzo,"Data Science Manager,  Financial Crime","Cardiff, London or Remote (UK)",https://job-boards.greenhouse.io/monzo/jobs/5758065,Greenhouse,True,2026-10-09
Monzo,Director of Product Design,"Cardiff, London or Remote (UK)",https://job-boards.greenhouse.io/monzo/jobs/7825424,Greenhouse,True,2026-10-09
Monzo,"Engineering Director, EU","Cardiff, London or Remote (UK)",https://job-boards.greenhouse.io/monzo/jobs/8025854,Greenhouse,True,2026-10-09
Monzo,Engineering Manager,"Cardiff, London or Remote (UK)",https://job-boards.greenhouse.io/monzo/jobs/5018066,Greenhouse,True,2026-10-09
Monzo,Lead Data Scientist,"Cardiff, London or Remote (UK)",https://job-boards.greenhouse.io/monzo/jobs/6369658,Greenhouse,True,2026-10-09
Monzo,"Lead Machine Learning Scientist, Business Banking","Cardiff, London or Remote (UK)",https://job-boards.greenhouse.io/monzo/jobs/8121191,Greenhouse,True,2026-10-09
Monzo,"Lead Machine Learning Scientist, Customer Operations","Cardiff, London or Remote (UK)",https://job-boards.greenhouse.io/monzo/jobs/8103509,Greenhouse,True,2026-10-09
Monzo,"Lead Machine Learning Scientist, FinCrime","Cardiff, London or Remote (UK)",https://job-boards.greenhouse.io/monzo/jobs/8050756,Greenhouse,True,2026-10-09
Monzo,"Lead Machine Learning Scientist, Search","Cardiff, London or Remote (UK)",https://job-boards.greenhouse.io/monzo/jobs/8041029,Greenhouse,True,2026-10-09
Monzo,Lead Product Designer,"Cardiff, London or Remote (UK)",https://job-boards.greenhouse.io/monzo/jobs/6758088,Greenhouse,True,2026-10-09
Monzo,"Lead Product Designer, Growth","Cardiff, London or Remote (UK)",https://job-boards.greenhouse.io/monzo/jobs/8185694,Greenhouse,True,2026-10-09
Monzo,"Lead Product Manager, Payments",London,https://job-boards.greenhouse.io/monzo/jobs/8156058,Greenhouse,True,2026-10-09
Monzo,"Martech Specialist, AI Deployment",London,https://job-boards.greenhouse.io/monzo/jobs/8195225,Greenhouse,True,2026-10-09
Monzo,"Operational Tax, Senior Manager","Cardiff, London or Remote (UK)",https://job-boards.greenhouse.io/monzo/jobs/8200681,Greenhouse,True,2026-10-09
Monzo,"Product Director, Flex (Borrowing)",London,https://job-boards.greenhouse.io/monzo/jobs/7775842,Greenhouse,True,2026-10-09
Monzo,Product Marketing Lead,"Cardiff, London or Remote (UK)",https://job-boards.greenhouse.io/monzo/jobs/7966820,Greenhouse,True,2026-10-09
Monzo,Regulatory Reporting Analyst,London,https://job-boards.greenhouse.io/monzo/jobs/8195436,Greenhouse,True,2026-10-09
Monzo,Senior Backend Engineer,"Cardiff, London or Remote (UK)",https://job-boards.greenhouse.io/monzo/jobs/6635837,Greenhouse,True,2026-10-09
Monzo,"Senior Credit Risk Manager, Credit Platform",London; Remote (UK),https://job-boards.greenhouse.io/monzo/jobs/8092745,Greenhouse,True,2026-10-09
Monzo,Senior Data Scientist,"Cardiff, London or Remote (UK)",https://job-boards.greenhouse.io/monzo/jobs/6180814,Greenhouse,True,2026-10-09
Monzo,Senior Engineering Manager,"Cardiff, London or Remote (UK)",https://job-boards.greenhouse.io/monzo/jobs/6394676,Greenhouse,True,2026-10-09
Monzo,Senior Finance Business Partner,London,https://job-boards.greenhouse.io/monzo/jobs/8132044,Greenhouse,True,2026-10-09
Monzo,"Senior Financial Crime Investigator  - EU, Spanish & English",Remote (UK),https://job-boards.greenhouse.io/monzo/jobs/8207682,Greenhouse,True,2026-10-09
Monzo,Senior Financial Reporting Analyst,London,https://job-boards.greenhouse.io/monzo/jobs/8071017,Greenhouse,True,2026-10-09
Monzo,"Senior Legal Counsel, Digital Assets and Payments","Cardiff, London or Remote (UK)",https://job-boards.greenhouse.io/monzo/jobs/7621662,Greenhouse,True,2026-10-09
Monzo,"Senior Machine Learning Manager, Borrowing","Cardiff, London or Remote (UK)",https://job-boards.greenhouse.io/monzo/jobs/7996955,Greenhouse,True,2026-10-09
Monzo,"Senior Marketing Manager, EU Business Banking",London,https://job-boards.greenhouse.io/monzo/jobs/8121259,Greenhouse,True,2026-10-09
Monzo,"Senior Product Director, Business Banking",London,https://job-boards.greenhouse.io/monzo/jobs/7732437,Greenhouse,True,2026-10-09
Monzo,Senior Product Marketing Manager,"Cardiff, London or Remote (UK)",https://job-boards.greenhouse.io/monzo/jobs/7861991,Greenhouse,True,2026-10-09
Monzo,"Senior Product Marketing Manager, Business Banking","Cardiff, London or Remote (UK)",https://job-boards.greenhouse.io/monzo/jobs/8121253,Greenhouse,True,2026-10-09
Monzo,Senior Regulatory Reporting Analyst,London,https://job-boards.greenhouse.io/monzo/jobs/8053177,Greenhouse,True,2026-10-09
Monzo,Senior Security Analyst,"Cardiff, London or Remote (UK)",https://job-boards.greenhouse.io/monzo/jobs/8204229,Greenhouse,True,2026-10-09
Monzo,"Senior Service Analyst, Workforce Management","Cardiff, London or Remote (UK)",https://job-boards.greenhouse.io/monzo/jobs/8261197,Greenhouse,True,2026-10-09
Monzo,Senior Staff Backend Engineer,"Cardiff, London or Remote (UK)",https://job-boards.greenhouse.io/monzo/jobs/6036797,Greenhouse,True,2026-10-09
Monzo,Senior Strategy and Operations Manager,"Cardiff, London or Remote (UK)",https://job-boards.greenhouse.io/monzo/jobs/8105912,Greenhouse,True,2026-10-09
Monzo,Senior Technical Program Manager,London,https://job-boards.greenhouse.io/monzo/jobs/8083280,Greenhouse,True,2026-10-09
Monzo,Staff Analytics Engineer,"Cardiff, London or Remote (UK)",https://job-boards.greenhouse.io/monzo/jobs/8013699,Greenhouse,True,2026-10-09
Monzo,Staff Backend Engineer,"Cardiff, London or Remote (UK)",https://job-boards.greenhouse.io/monzo/jobs/6636147,Greenhouse,True,2026-10-09
Monzo,Staff Data Scientist,"Barcelona; Cardiff, London or Remote (UK); London",https://job-boards.greenhouse.io/monzo/jobs/8232732,Greenhouse,True,2026-10-09
Monzo,"Staff Technical Program Manager, Operations",London,https://job-boards.greenhouse.io/monzo/jobs/8222576,Greenhouse,True,2026-10-09
Monzo,Tech Recruitment Manager,"Cardiff, London or Remote (UK)",https://job-boards.greenhouse.io/monzo/jobs/8051090,Greenhouse,True,2026-10-09
Monzo,Transfer Pricing Tax Manager,London,https://job-boards.greenhouse.io/monzo/jobs/8223018,Greenhouse,True,2026-10-09
Monzo,"Vulnerability, Accessibility & Inclusion Lead",Remote (UK),https://job-boards.greenhouse.io/monzo/jobs/8260834,Greenhouse,True,2026-10-09
Stripe,Abuse Investigator,"Seattle, San Francisco, New York City",https://stripe.com/jobs/search?gh_jid=8172510,Greenhouse,True,2026-10-09
Stripe,"Account Executive, AI Startups - Grower",New York,https://stripe.com/jobs/search?gh_jid=8204645,Greenhouse,True,2026-10-09
Stripe,"Account Executive, Enterprise (Hunter)",London,https://stripe.com/jobs/search?gh_jid=8165275,Greenhouse,True,2026-10-09
Stripe,"Account Executive, Enterprise Platforms (Grower)","San Francisco, CA; Chicago, IL & New York, NY",https://stripe.com/jobs/search?gh_jid=7576967,Greenhouse,True,2026-10-09
Stripe,"Account Executive, Enterprise Platforms, Hunter","New York, NY; San Francisco, CA; Seattle, WA; Chicago, IL",https://stripe.com/jobs/search?gh_jid=7961609,Greenhouse,True,2026-10-09
Stripe,"Account Executive, Enterprise Platforms, Tier 2 Grower","New York, NY; San Francisco, CA",https://stripe.com/jobs/search?gh_jid=8041894,Greenhouse,True,2026-10-09
Stripe,"Account Executive, Existing Business",London,https://stripe.com/jobs/search?gh_jid=8114155,Greenhouse,True,2026-10-09
Stripe,"Account Executive, Financial Services, Grower",London,https://stripe.com/jobs/search?gh_jid=8048193,Greenhouse,True,2026-10-09
Stripe,"Account Executive, Platforms (Hunter)",London,https://stripe.com/jobs/search?gh_jid=8249652,Greenhouse,True,2026-10-09
Stripe,"Account Executive, Product (Payouts) - Hunter",New York,https://stripe.com/jobs/search?gh_jid=8196269,Greenhouse,True,2026-10-09
Stripe,"Account Executive, Product - Local Payment Methods",London,https://stripe.com/jobs/search?gh_jid=8196267,Greenhouse,True,2026-10-09
Stripe,"Account Executive, Product Sales - Billing","New York, San Francisco, Seattle, Chicago",https://stripe.com/jobs/search?gh_jid=8190050,Greenhouse,True,2026-10-09
Stripe,"Account Executive, Product Sales - Billing (Velocity)","New York, San Francisco, Seattle, Atlanta, Chicago",https://stripe.com/jobs/search?gh_jid=7958961,Greenhouse,True,2026-10-09
Stripe,"Account Executive, Product Sales - Currency Management",New York,https://stripe.com/jobs/search?gh_jid=8190416,Greenhouse,True,2026-10-09
Stripe,"Account Executive, Product Sales - Optimised Checkout",London,https://stripe.com/jobs/search?gh_jid=8040940,Greenhouse,True,2026-10-09
Stripe,"Account Executive, Retail (Grower)",London,https://stripe.com/jobs/search?gh_jid=8207708,Greenhouse,True,2026-10-09
Stripe,"Account Executive, Strategic Platform Partnerships","San Francisco, CA; New York, NY",https://stripe.com/jobs/search?gh_jid=8157577,Greenhouse,True,2026-10-09
Stripe,"Account Executive, hunter",London,https://stripe.com/jobs/search?gh_jid=8079514,Greenhouse,True,2026-10-09
Stripe,Accounting AI Solutions Lead,"Seattle, San Francisco, New York",https://stripe.com/jobs/search?gh_jid=8103750,Greenhouse,True,2026-10-09
Stripe,"Backend/API Engineer, Money as a Service (Product)",United Kingdom,https://stripe.com/jobs/search?gh_jid=7369543,Greenhouse,True,2026-10-09
Stripe,Capital Markets Investments,"New York, NY",https://stripe.com/jobs/search?gh_jid=8164481,Greenhouse,True,2026-10-09
Stripe,"Capital Markets, FX Specialist",New York,https://stripe.com/jobs/search?gh_jid=8206733,Greenhouse,True,2026-10-09
Stripe,Crypto Product Accounting,"San Francisco, Seattle, New York",https://stripe.com/jobs/search?gh_jid=7774312,Greenhouse,True,2026-10-09
Stripe,Customer Success Manager,London,https://stripe.com/jobs/search?gh_jid=8170772,Greenhouse,True,2026-10-09
Stripe,"Customer Success Manager, Enterprise","New York, NY; Seattle, WA; San Francisco, CA; Chicago, IL; Atlanta, GA",https://stripe.com/jobs/search?gh_jid=8178692,Greenhouse,True,2026-10-09
Stripe,"Customer Success Manager, Metronome",London,https://stripe.com/jobs/search?gh_jid=8074199,Greenhouse,True,2026-10-09
Stripe,"Customer Success Manager, Platforms","Chicago, IL; Atlanta, GA; San Francisco, CA; Seattle, WA; New York, NY",https://stripe.com/jobs/search?gh_jid=8097840,Greenhouse,True,2026-10-09
Stripe,"Customer Success Manager, Radar","Chicago, IL; Atlanta, GA; San Francisco, CA; Seattle, WA; New York, NY",https://stripe.com/jobs/search?gh_jid=8049910,Greenhouse,True,2026-10-09
Stripe,"Customer Success Manager, Revenue Suite","San Francisco, CA; Chicago, IL; Seattle, WA; New York, NY",https://stripe.com/jobs/search?gh_jid=8052814,Greenhouse,True,2026-10-09
Stripe,"Data Analyst, Intern","New York, Seattle, South San Francisco HQ",https://stripe.com/jobs/search?gh_jid=8194291,Greenhouse,True,2026-10-09
Stripe,"Data Analyst, NYC",New York,https://stripe.com/jobs/search?gh_jid=8189909,Greenhouse,True,2026-10-09
Stripe,"Data Science Manager, Finance and Strategy","Seattle, WA OR New York, NY OR Remote North America",https://stripe.com/jobs/search?gh_jid=7440963,Greenhouse,True,2026-10-09
Stripe,"EMEA Demand Generation, Platforms",London,https://stripe.com/jobs/search?gh_jid=8209626,Greenhouse,True,2026-10-09
Stripe,"Engineering Manager, Infrastructure","Seattle, San Francisco, New York City",https://stripe.com/jobs/search?gh_jid=8128496,Greenhouse,True,2026-10-09
Stripe,"Enterprise Account Executive, Privy",New York,https://stripe.com/jobs/search?gh_jid=8232743,Greenhouse,True,2026-10-09
Stripe,"Enterprise Account Executive, Privy",New York,https://stripe.com/jobs/search?gh_jid=8232741,Greenhouse,True,2026-10-09
Stripe,Enterprise Field Marketing Manager,London,https://stripe.com/jobs/search?gh_jid=8224614,Greenhouse,True,2026-10-09
Stripe,"Finance & Strategy, Corporate Finance Analyst","New York, NY",https://stripe.com/jobs/search?gh_jid=8249865,Greenhouse,True,2026-10-09
Stripe,Finance and Strategy Partner,"San Francisco, New York City, Chicago, Seattle",https://stripe.com/jobs/search?gh_jid=7473983,Greenhouse,True,2026-10-09
Stripe,"Forward Deployed Engineer, Privy",New York Privy HQ,https://stripe.com/jobs/search?gh_jid=7230452,Greenhouse,True,2026-10-09
Stripe,"Full Stack Engineer, Link","New York, New York",https://stripe.com/jobs/search?gh_jid=8062305,Greenhouse,True,2026-10-09
Stripe,"Full Stack Engineer, Money Movement",London,https://stripe.com/jobs/search?gh_jid=8226261,Greenhouse,True,2026-10-09
Stripe,GTM Strategy & Operations Analyst,"New York, NY",https://stripe.com/jobs/search?gh_jid=8145119,Greenhouse,True,2026-10-09
Stripe,"Global Industry Lead, Healthcare",San Francisco; New York City; Seattle,https://stripe.com/jobs/search?gh_jid=8224607,Greenhouse,True,2026-10-09
Stripe,"Head of Money Management, Finance & Strategy","Seattle, San Francisco, New York, Chicago",https://stripe.com/jobs/search?gh_jid=8154531,Greenhouse,True,2026-10-09
Stripe,"Head of Sales, Billing","New York, San Francisco, Chicago, Seattle",https://stripe.com/jobs/search?gh_jid=8156998,Greenhouse,True,2026-10-09
Stripe,"Infrastructure Engineer, Privy",New York,https://stripe.com/jobs/search?gh_jid=7462961,Greenhouse,True,2026-10-09
Stripe,"Integration Engineer, Metronome",London,https://stripe.com/jobs/search?gh_jid=8171222,Greenhouse,True,2026-10-09
Stripe,"Integration Engineer, Professional Services","Seattle, San Francisco, or New York",https://stripe.com/jobs/search?gh_jid=8075570,Greenhouse,True,2026-10-09
Stripe,"Internal Audit - Regulatory Lead, EMEA",London,https://stripe.com/jobs/search?gh_jid=8205278,Greenhouse,True,2026-10-09
Stripe,Internal Audit Data Analytics Lead,"Toronto, New York, San Francisco, Atlanta, Seattle",https://stripe.com/jobs/search?gh_jid=8026689,Greenhouse,True,2026-10-09
Stripe,Junior Commercial Associate — Works in Progress,London,https://stripe.com/jobs/search?gh_jid=8241571,Greenhouse,True,2026-10-09
Stripe,"Large User Sales Managers, Platform Partnerships","New York, NY; Chicago, IL or San Francisco, CA",https://stripe.com/jobs/search?gh_jid=8209647,Greenhouse,True,2026-10-09
Stripe,"Machine Learning Engineer, Link",New York City,https://stripe.com/jobs/search?gh_jid=8197886,Greenhouse,True,2026-10-09
Stripe,"Manager, Solution Architecture Platforms","South San Francisco, CA , New York, NY",https://stripe.com/jobs/search?gh_jid=8104302,Greenhouse,True,2026-10-09
Stripe,"Manager, Solutions Architecture- Enterprise Hunter","New York, NY",https://stripe.com/jobs/search?gh_jid=8163542,Greenhouse,True,2026-10-09
Stripe,"Marketing Operations Manager, EMEA Events",London,https://stripe.com/jobs/search?gh_jid=8172495,Greenhouse,True,2026-10-09
Stripe,"Mobile Engineer, Treasury",United Kingdom,https://stripe.com/jobs/search?gh_jid=7978915,Greenhouse,True,2026-10-09
Stripe,Partner Development Manager,London,https://stripe.com/jobs/search?gh_jid=8104427,Greenhouse,True,2026-10-09
Stripe,Partner Development Manager (Banks),London - United Kingdom,https://stripe.com/jobs/search?gh_jid=7289456,Greenhouse,True,2026-10-09
Stripe,Partner Development Manager- Global Strategic Alliances,London,https://stripe.com/jobs/search?gh_jid=7677136,Greenhouse,True,2026-10-09
Stripe,"PhD Data Scientist, Intern","New York, Seattle, South San Francisco HQ",https://stripe.com/jobs/search?gh_jid=8194283,Greenhouse,True,2026-10-09
Stripe,Pricing Strategist,"South San Francisco, New York City",https://stripe.com/jobs/search?gh_jid=8187578,Greenhouse,True,2026-10-09
Stripe,"Product Designer, Growth","New York, NY",https://stripe.com/jobs/search?gh_jid=8164479,Greenhouse,True,2026-10-09
Stripe,"Product Manager - Developer Experience, Bridge",San Francisco Or New York,https://stripe.com/jobs/search?gh_jid=8204227,Greenhouse,True,2026-10-09
Stripe,"Product Manager - Issuance, Bridge",San Francisco Or New York,https://stripe.com/jobs/search?gh_jid=8223723,Greenhouse,True,2026-10-09
Stripe,"Product Manager, Connect Growth & Monetization","Seattle, New-York, San Francisco",https://stripe.com/jobs/search?gh_jid=8195440,Greenhouse,True,2026-10-09
Stripe,"Product Manager, Connected Account Onboarding Experiences","San Francisco, New-York, Seattle",https://stripe.com/jobs/search?gh_jid=8186541,Greenhouse,True,2026-10-09
Stripe,"Product Manager, Foreign Exchange",London,https://stripe.com/jobs/search?gh_jid=8231234,Greenhouse,True,2026-10-09
Stripe,"Product Manager, Global Payouts",New York,https://stripe.com/jobs/search?gh_jid=7994443,Greenhouse,True,2026-10-09
Stripe,"Product Manager, Treasury for Platforms","Seattle, New-York, San Francisco",https://stripe.com/jobs/search?gh_jid=7983856,Greenhouse,True,2026-10-09
Stripe,Product Manager: New Grad Accelerator,"San Francisco, New York City, Seattle",https://stripe.com/jobs/search?gh_jid=7737124,Greenhouse,True,2026-10-09
Stripe,Product Marketing Manager,"San Francisco, New York, Seattle, Chicago, Remote, Toronto",https://stripe.com/jobs/search?gh_jid=6348471,Greenhouse,True,2026-10-09
Stripe,Product Support - Bridge,"New York, Seattle, San Francisco",https://stripe.com/jobs/search?gh_jid=8245584,Greenhouse,True,2026-10-09
Stripe,Product Support Specialist,"Chicago, New York",https://stripe.com/jobs/search?gh_jid=8148497,Greenhouse,True,2026-10-09
Stripe,Product Tax Specialist,"San Francisco, Seattle, New York City",https://stripe.com/jobs/search?gh_jid=8248088,Greenhouse,True,2026-10-09
Stripe,"Sales Manager, Account Executives - Startups (Grower)",New York,https://stripe.com/jobs/search?gh_jid=7368924,Greenhouse,True,2026-10-09
Stripe,"Sales Manager, Enterprise Platforms, Grower (Tier 1)","New York, NY",https://stripe.com/jobs/search?gh_jid=8155376,Greenhouse,True,2026-10-09
Stripe,"Security Engineer, Bridge","SF, New York, Seattle",https://stripe.com/jobs/search?gh_jid=7776179,Greenhouse,True,2026-10-09
Stripe,"Security GRC Analyst/Program Manager, Bridge",New York,https://stripe.com/jobs/search?gh_jid=8237244,Greenhouse,True,2026-10-09
Stripe,"Senior Product Manager, Enterprise","San Francisco, Seattle, New York, Chicago, Atlanta, Remote",https://stripe.com/jobs/search?gh_jid=7812856,Greenhouse,True,2026-10-09
Stripe,"Senior Software Engineer, Docs Product","New York, NY",https://stripe.com/jobs/search?gh_jid=8177860,Greenhouse,True,2026-10-09
Stripe,"Software Engineer - Smart Contract, Bridge",San Francisco or New York,https://stripe.com/jobs/search?gh_jid=7507904,Greenhouse,True,2026-10-09
Stripe,"Software Engineer, Early Career — Immediate Start","San Francisco, Seattle, New York",https://stripe.com/jobs/search?gh_jid=8212508,Greenhouse,True,2026-10-09
Stripe,"Software Engineer, Intern",London,https://stripe.com/jobs/search?gh_jid=8130867,Greenhouse,True,2026-10-09
Stripe,"Software Engineer, Intern (Summer or Winter)","San Francisco, Seattle, New York City",https://stripe.com/jobs/search?gh_jid=8128745,Greenhouse,True,2026-10-09
Stripe,"Software Engineer, Money Movement",London,https://stripe.com/jobs/search?gh_jid=7208537,Greenhouse,True,2026-10-09
Stripe,"Software Engineer, New Grad","San Francisco, Seattle, New York",https://stripe.com/jobs/search?gh_jid=8128744,Greenhouse,True,2026-10-09
Stripe,"Software Engineer, New Grad",London,https://stripe.com/jobs/search?gh_jid=8130930,Greenhouse,True,2026-10-09
Stripe,"Solutions Architect, Enterprise (Presales)","San Francisco, CA, Chicago, IL, New York, NY",https://stripe.com/jobs/search?gh_jid=8144185,Greenhouse,True,2026-10-09
Stripe,"Solutions Architect, Enterprise, UK","London, UK",https://stripe.com/jobs/search?gh_jid=7882492,Greenhouse,True,2026-10-09
Stripe,"Solutions Architect, Metronome (AI Native)",London,https://stripe.com/jobs/search?gh_jid=8168813,Greenhouse,True,2026-10-09
Stripe,"Solutions Architect, Metronome (Startups)",London,https://stripe.com/jobs/search?gh_jid=8179419,Greenhouse,True,2026-10-09
Stripe,"Solutions Consultant, Enterprise (Presales)","San Francisco, CA, Chicago, IL, New York, NY",https://stripe.com/jobs/search?gh_jid=8168151,Greenhouse,True,2026-10-09
Stripe,"Staff Machine Learning Engineer, Financial Connections",New York,https://stripe.com/jobs/search?gh_jid=8148653,Greenhouse,True,2026-10-09
Stripe,"Staff Product Manager, AI","San Francisco, Seattle, New York, Chicago",https://stripe.com/jobs/search?gh_jid=7655023,Greenhouse,True,2026-10-09
Stripe,"Staff Product Manager, Agentic Commerce","Seattle, San Francisco, New York",https://stripe.com/jobs/search?gh_jid=8226893,Greenhouse,True,2026-10-09
Stripe,"Staff Product Manager, Issuing",London,https://stripe.com/jobs/search?gh_jid=8043083,Greenhouse,True,2026-10-09
Stripe,"Staff Product Manager, Mobile","New York City, Toronto, Chicago, or Remote",https://stripe.com/jobs/search?gh_jid=8140438,Greenhouse,True,2026-10-09
Stripe,"Staff Security Engineer, Abuse Control",London,https://stripe.com/jobs/search?gh_jid=8211180,Greenhouse,True,2026-10-09
Stripe,"Staff Software Engineer,","Seattle, San Francisco, Seattle, New York, Toronto",https://stripe.com/jobs/search?gh_jid=8209967,Greenhouse,True,2026-10-09
Stripe,"Staff Software Engineer, Link - Bank Connections","San Francisco, Seattle, New York",https://stripe.com/jobs/search?gh_jid=8142952,Greenhouse,True,2026-10-09
Stripe,"Startups Sales Manager, Platform Partnerships","Chicago, IL; New York, NY; San Francisco, CA",https://stripe.com/jobs/search?gh_jid=8210226,Greenhouse,True,2026-10-09
Stripe,"Strategic Account Executive, Platforms",London,https://stripe.com/jobs/search?gh_jid=8129954,Greenhouse,True,2026-10-09
Stripe,"Strategic Accounts Sales Leader, AI GTM",San Francisco; New York,https://stripe.com/jobs/search?gh_jid=8212325,Greenhouse,True,2026-10-09
Stripe,"Strategy and Operations Analyst, Customer Success",London,https://stripe.com/jobs/search?gh_jid=8230276,Greenhouse,True,2026-10-09
Stripe,"Strategy and Operations Lead, Deal Pricing","New York City, Washington DC, Remote",https://stripe.com/jobs/search?gh_jid=8044391,Greenhouse,True,2026-10-09
Stripe,"Technical Program Manager, Link","San Francisco, New York City",https://stripe.com/jobs/search?gh_jid=8014533,Greenhouse,True,2026-10-09
Stripe,UK Public Sector Lead,London,https://stripe.com/jobs/search?gh_jid=8096121,Greenhouse,True,2026-10-09
Stripe,User Risk Strategist,"New York, NY",https://stripe.com/jobs/search?gh_jid=8230758,Greenhouse,True,2026-10-09
Stripe,Workplace Experience Manager,New York City,https://stripe.com/jobs/search?gh_jid=8092411,Greenhouse,True,2026-10-09
SumUp,Account Executive,"London, England, United Kingdom",https://sumup.com/careers/positions/8097315002?gh_jid=8097315002,Greenhouse,True,2026-10-09
SumUp,Business Development Manager – Payments & POS,"Manchester, England, United Kingdom",https://sumup.com/careers/positions/8870663002?gh_jid=8870663002,Greenhouse,True,2026-10-09
SumUp,"Director of Sales, North and Central Europe","London, England, United Kingdom",https://sumup.com/careers/positions/8826828002?gh_jid=8826828002,Greenhouse,True,2026-10-09
SumUp,Experienced Field Sales Consultant,"Carlisle, England, United Kingdom",https://sumup.com/careers/positions/8878860002?gh_jid=8878860002,Greenhouse,True,2026-10-09
SumUp,Experienced Field Sales Consultant,"London, England, United Kingdom",https://sumup.com/careers/positions/8874270002?gh_jid=8874270002,Greenhouse,True,2026-10-09
SumUp,Experienced Field Sales Consultant,"Lancaster, England, United Kingdom",https://sumup.com/careers/positions/8209395002?gh_jid=8209395002,Greenhouse,True,2026-10-09
SumUp,Experienced Field Sales Consultant,"Stoke-on-Trent, England, United Kingdom",https://sumup.com/careers/positions/8878886002?gh_jid=8878886002,Greenhouse,True,2026-10-09
SumUp,Experienced Field Sales Consultant,"Blackpool, England, United Kingdom",https://sumup.com/careers/positions/8878873002?gh_jid=8878873002,Greenhouse,True,2026-10-09
SumUp,Experienced Field Sales Consultant,"Crewe, England, United Kingdom",https://sumup.com/careers/positions/8878871002?gh_jid=8878871002,Greenhouse,True,2026-10-09
SumUp,Experienced Field Sales Consultant,"Liverpool, England, United Kingdom",https://sumup.com/careers/positions/8878859002?gh_jid=8878859002,Greenhouse,True,2026-10-09
SumUp,Field Sales Consultant - UK - Bradford,"Bradford, England, United Kingdom",https://sumup.com/careers/positions/8313796002?gh_jid=8313796002,Greenhouse,True,2026-10-09
SumUp,Field Sales Consultant - UK - Brighton,"Brighton, England, United Kingdom",https://sumup.com/careers/positions/8313716002?gh_jid=8313716002,Greenhouse,True,2026-10-09
SumUp,Field Sales Consultant - UK - Cardiff,"Cardiff, Wales, United Kingdom",https://sumup.com/careers/positions/8313746002?gh_jid=8313746002,Greenhouse,True,2026-10-09
SumUp,Field Sales Consultant - UK - Edinburgh,"Edinburgh, Scotland, United Kingdom",https://sumup.com/careers/positions/8313837002?gh_jid=8313837002,Greenhouse,True,2026-10-09
SumUp,Field Sales Consultant - UK - Glasgow,"Glasgow, Scotland, United Kingdom",https://sumup.com/careers/positions/8313807002?gh_jid=8313807002,Greenhouse,True,2026-10-09
SumUp,Field Sales Consultant - UK - Hull,"Hull, England, United Kingdom",https://sumup.com/careers/positions/8313886002?gh_jid=8313886002,Greenhouse,True,2026-10-09
SumUp,Field Sales Consultant - UK - Leicester,"Leicester, England, United Kingdom",https://sumup.com/careers/positions/8313736002?gh_jid=8313736002,Greenhouse,True,2026-10-09
SumUp,Field Sales Consultant - UK - Liverpool,"Liverpool, England, United Kingdom",https://sumup.com/careers/positions/8313865002?gh_jid=8313865002,Greenhouse,True,2026-10-09
SumUp,Field Sales Consultant - UK - Newcastle,"Newcastle upon Tyne, England, United Kingdom",https://sumup.com/careers/positions/8313856002?gh_jid=8313856002,Greenhouse,True,2026-10-09
SumUp,Field Sales Consultant - UK - Sheffield,"Sheffield, England, United Kingdom",https://sumup.com/careers/positions/8313772002?gh_jid=8313772002,Greenhouse,True,2026-10-09
SumUp,Field Sales Consultant - UK - Wolverhampton,"Wolverhampton, England, United Kingdom",https://sumup.com/careers/positions/8313726002?gh_jid=8313726002,Greenhouse,True,2026-10-09
SumUp,Field Sales Consultant - UK -Nottingham,"Nottingham, England, United Kingdom",https://sumup.com/careers/positions/8313875002?gh_jid=8313875002,Greenhouse,True,2026-10-09
SumUp,Field Sales Executive,"Worcester, England, United Kingdom",https://sumup.com/careers/positions/8542561002?gh_jid=8542561002,Greenhouse,True,2026-10-09
SumUp,Field Sales Executive,"Coventry, England, United Kingdom",https://sumup.com/careers/positions/8381301002?gh_jid=8381301002,Greenhouse,True,2026-10-09
SumUp,Field Sales Executive,"Hull, England, United Kingdom",https://sumup.com/careers/positions/8456529002?gh_jid=8456529002,Greenhouse,True,2026-10-09
SumUp,Field Sales Executive,"Leeds, England, United Kingdom",https://sumup.com/careers/positions/8456531002?gh_jid=8456531002,Greenhouse,True,2026-10-09
SumUp,Field Sales Executive,"York, England, United Kingdom",https://sumup.com/careers/positions/8456534002?gh_jid=8456534002,Greenhouse,True,2026-10-09
SumUp,Field Sales Executive,"Bradford, England, United Kingdom",https://sumup.com/careers/positions/8456536002?gh_jid=8456536002,Greenhouse,True,2026-10-09
SumUp,Field Sales Executive,"Derby, England, United Kingdom",https://sumup.com/careers/positions/8456541002?gh_jid=8456541002,Greenhouse,True,2026-10-09
SumUp,Field Sales Executive,"Nottingham, England, United Kingdom",https://sumup.com/careers/positions/8456554002?gh_jid=8456554002,Greenhouse,True,2026-10-09
SumUp,Field Sales Executive,"Sheffield, England, United Kingdom",https://sumup.com/careers/positions/8456566002?gh_jid=8456566002,Greenhouse,True,2026-10-09
SumUp,Field Sales Executive,"Oxford, England, United Kingdom",https://sumup.com/careers/positions/8493810002?gh_jid=8493810002,Greenhouse,True,2026-10-09
SumUp,Field Sales Executive,"Hemel Hempstead, England, United Kingdom",https://sumup.com/careers/positions/8221929002?gh_jid=8221929002,Greenhouse,True,2026-10-09
SumUp,Field Sales Executive,"Cambridge, England, United Kingdom",https://sumup.com/careers/positions/8526376002?gh_jid=8526376002,Greenhouse,True,2026-10-09
SumUp,Field Sales Executive,"Swansea, Wales, United Kingdom",https://sumup.com/careers/positions/8209409002?gh_jid=8209409002,Greenhouse,True,2026-10-09
SumUp,Field Sales Executive,"Edinburgh, Scotland, United Kingdom",https://sumup.com/careers/positions/8209300002?gh_jid=8209300002,Greenhouse,True,2026-10-09
SumUp,Field Sales Executive,"Northampton, England, United Kingdom",https://sumup.com/careers/positions/8209216002?gh_jid=8209216002,Greenhouse,True,2026-10-09
SumUp,Field Sales Executive,"Twickenham, England, United Kingdom",https://sumup.com/careers/positions/8638015002?gh_jid=8638015002,Greenhouse,True,2026-10-09
SumUp,Field Sales Executive,"Redhill, England, United Kingdom",https://sumup.com/careers/positions/8644570002?gh_jid=8644570002,Greenhouse,True,2026-10-09
SumUp,Field Sales Executive,"Guildford, England, United Kingdom",https://sumup.com/careers/positions/8209186002?gh_jid=8209186002,Greenhouse,True,2026-10-09
SumUp,Field Sales Executive,"Enfield, England, United Kingdom",https://sumup.com/careers/positions/8209165002?gh_jid=8209165002,Greenhouse,True,2026-10-09
SumUp,Field Sales Executive,"Luton, England, United Kingdom",https://sumup.com/careers/positions/8209162002?gh_jid=8209162002,Greenhouse,True,2026-10-09
SumUp,Field Sales Executive,"St Albans, England, United Kingdom",https://sumup.com/careers/positions/8209155002?gh_jid=8209155002,Greenhouse,True,2026-10-09
SumUp,Field Sales Executive,"Chelmsford, England, United Kingdom",https://sumup.com/careers/positions/7810182002?gh_jid=7810182002,Greenhouse,True,2026-10-09
SumUp,Field Sales Executive,"Southend-on-Sea, England, United Kingdom",https://sumup.com/careers/positions/7810159002?gh_jid=7810159002,Greenhouse,True,2026-10-09
SumUp,Field Sales Executive,"Stevenage, England, United Kingdom",https://sumup.com/careers/positions/7810145002?gh_jid=7810145002,Greenhouse,True,2026-10-09
SumUp,Field Sales Executive,"Ipswich, England, United Kingdom",https://sumup.com/careers/positions/7810142002?gh_jid=7810142002,Greenhouse,True,2026-10-09
SumUp,Field Sales Executive,"Peterborough, England, United Kingdom",https://sumup.com/careers/positions/7810136002?gh_jid=7810136002,Greenhouse,True,2026-10-09
SumUp,Field Sales Executive,"Norwich, England, United Kingdom",https://sumup.com/careers/positions/7810133002?gh_jid=7810133002,Greenhouse,True,2026-10-09
SumUp,Field Sales Executive,"Colchester, England, United Kingdom",https://sumup.com/careers/positions/7786771002?gh_jid=7786771002,Greenhouse,True,2026-10-09
SumUp,Field Sales Executive,"Glasgow, Scotland, United Kingdom",https://sumup.com/careers/positions/8441337002?gh_jid=8441337002,Greenhouse,True,2026-10-09
SumUp,Field Sales Executive,"Darlington, England, United Kingdom",https://sumup.com/careers/positions/8642839002?gh_jid=8642839002,Greenhouse,True,2026-10-09
SumUp,Field Sales Territory Manager - London,"London, England, United Kingdom",https://sumup.com/careers/positions/8526256002?gh_jid=8526256002,Greenhouse,True,2026-10-09
SumUp,Field Sales Trainer (UK South),"London, England, United Kingdom",https://sumup.com/careers/positions/8660342002?gh_jid=8660342002,Greenhouse,True,2026-10-09
SumUp,Head of Consumer Growth,"London, England, United Kingdom",https://sumup.com/careers/positions/8634772002?gh_jid=8634772002,Greenhouse,True,2026-10-09
SumUp,Regional Head of Key Account Sales,"London, England, United Kingdom",https://sumup.com/careers/positions/8537093002?gh_jid=8537093002,Greenhouse,True,2026-10-09
SumUp,Sales Trainer,"London, England, United Kingdom",https://sumup.com/careers/positions/8827033002?gh_jid=8827033002,Greenhouse,True,2026-10-09
SumUp,Sales Trainer (Field),"London, England, United Kingdom",https://sumup.com/careers/positions/8781315002?gh_jid=8781315002,Greenhouse,True,2026-10-09
SumUp,Senior Commercial Finance Business Partner,"London, England, United Kingdom",https://sumup.com/careers/positions/8690955002?gh_jid=8690955002,Greenhouse,True,2026-10-09
SumUp,Senior Internal Auditor,"London, England, United Kingdom",https://sumup.com/careers/positions/8646778002?gh_jid=8646778002,Greenhouse,True,2026-10-09
SumUp,Senior Marketing Manager - B2C,"London, England, United Kingdom",https://sumup.com/careers/positions/8690954002?gh_jid=8690954002,Greenhouse,True,2026-10-09
SumUp,Senior Product Data Analyst - Consumer Growth,"London, England, United Kingdom",https://sumup.com/careers/positions/8559467002?gh_jid=8559467002,Greenhouse,True,2026-10-09
SumUp,Senior Product Data Analyst- Consumer Growth,"London, England, United Kingdom",https://sumup.com/careers/positions/8458941002?gh_jid=8458941002,Greenhouse,True,2026-10-09
SumUp,Senior Product Designer,"London, England, United Kingdom",https://sumup.com/careers/positions/8427124002?gh_jid=8427124002,Greenhouse,True,2026-10-09
SumUp,Senior Product Manager - Consumer Lifecycle,"London, England, United Kingdom",https://sumup.com/careers/positions/8821322002?gh_jid=8821322002,Greenhouse,True,2026-10-09
SumUp,Workday Specialist,"London, England, United Kingdom",https://sumup.com/careers/positions/8558369002?gh_jid=8558369002,Greenhouse,True,2026-10-09
contentful,"Customer Success Manager, Growth (f/m/d)","London, England, United Kingdom",https://job-boards.greenhouse.io/contentful/jobs/8160121,Greenhouse,True,2026-10-09
contentful,Enterprise Account Executive - DACH (f/m/d),"London, England, United Kingdom",https://job-boards.greenhouse.io/contentful/jobs/8193675,Greenhouse,True,2026-10-09
contentful,Enterprise Account Executive - German Speaking (f/m/d),"London, England, United Kingdom",https://job-boards.greenhouse.io/contentful/jobs/8197219,Greenhouse,True,2026-10-09
contentful,Mid Market Account Executive - DACH (f/m/d),"London, England, United Kingdom",https://job-boards.greenhouse.io/contentful/jobs/8202957,Greenhouse,True,2026-10-09
contentful,Mid Market Account Executive - France (f/m/d),"London, England, United Kingdom",https://job-boards.greenhouse.io/contentful/jobs/8193736,Greenhouse,True,2026-10-09
contentful,Mid Market Account Executive - French Speaking (f/m/d),"London, England, United Kingdom",https://job-boards.greenhouse.io/contentful/jobs/8197036,Greenhouse,True,2026-10-09
contentful,Mid Market Account Executive - German Speaking (f/m/d),"London, England, United Kingdom",https://job-boards.greenhouse.io/contentful/jobs/8202959,Greenhouse,True,2026-10-09
contentful,"Senior Manager, Product Design (f/m/d)","London, England, United Kingdom",https://job-boards.greenhouse.io/contentful/jobs/8223747,Greenhouse,True,2026-10-09
contentful,Senior Sales Engineer (f/m/d),"London, England, United Kingdom",https://job-boards.greenhouse.io/contentful/jobs/8204989,Greenhouse,True,2026-10-09
contentful,Senior Solution Engineer (f/m/d),"London, England, United Kingdom",https://job-boards.greenhouse.io/contentful/jobs/8204987,Greenhouse,True,2026-10-09
contentful,Senior Solution Engineer (f/m/d),"London, England, United Kingdom",https://job-boards.greenhouse.io/contentful/jobs/8209860,Greenhouse,True,2026-10-09
datadog,Enterprise Account Executive (UKI) - Public Sector,"London, United Kingdom",https://careers.datadoghq.com/detail/7599334/?gh_jid=7599334,Greenhouse,True,2026-10-09
datadog,Enterprise Account Executive - UKI,"London, United Kingdom",https://careers.datadoghq.com/detail/6836442/?gh_jid=6836442,Greenhouse,True,2026-10-09
datadog,Principal GSI Partner Manager - Accenture (EMEA),"London, United Kingdom",https://careers.datadoghq.com/detail/8219989/?gh_jid=8219989,Greenhouse,True,2026-10-09
datadog,Principal GSI Partner Manager - Accenture (EMEA),"United Kingdom, Remote",https://careers.datadoghq.com/detail/8203733/?gh_jid=8203733,Greenhouse,True,2026-10-09
datadog,"Regional Manager, Sales Engineering - UK","London, United Kingdom",https://careers.datadoghq.com/detail/8048106/?gh_jid=8048106,Greenhouse,True,2026-10-09
datadog,Senior Field Enablement Manager,"London, United Kingdom",https://careers.datadoghq.com/detail/8170639/?gh_jid=8170639,Greenhouse,True,2026-10-09
datadog,Senior Partner Manager - Channels (UKI),"London, United Kingdom",https://careers.datadoghq.com/detail/8082007/?gh_jid=8082007,Greenhouse,True,2026-10-09
datadog,Senior Public Relations Manager (EMEA),"London, United Kingdom",https://careers.datadoghq.com/detail/8244033/?gh_jid=8244033,Greenhouse,True,2026-10-09
datadog,Senior Sales Engineer - Public Sector (UK),"London, United Kingdom",https://careers.datadoghq.com/detail/8030214/?gh_jid=8030214,Greenhouse,True,2026-10-09
datadog,Strategic Account Executive (UKI),"London, United Kingdom",https://careers.datadoghq.com/detail/5622381/?gh_jid=5622381,Greenhouse,True,2026-10-09
datadog,Strategic Account Executive (UKI) - Public Sector,"London, United Kingdom",https://careers.datadoghq.com/detail/7591735/?gh_jid=7591735,Greenhouse,True,2026-10-09
deliveroo,Account Manager - French Speaking,"Manchester, United Kingdom",https://job-boards.greenhouse.io/deliveroo/jobs/8202576,Greenhouse,True,2026-10-09
deliveroo,Account Manager - Italian Speaking,"Manchester, United Kingdom",https://job-boards.greenhouse.io/deliveroo/jobs/8202351,Greenhouse,True,2026-10-09
deliveroo,"Account Manager, Midlands (I3)","Birmingham, United Kingdom",https://job-boards.greenhouse.io/deliveroo/jobs/8236383,Greenhouse,True,2026-10-09
deliveroo,Analytics Engineering Manager,"London, United Kingdom - Deliveroo",https://job-boards.greenhouse.io/deliveroo/jobs/8206309,Greenhouse,True,2026-10-09
deliveroo,B2B Demand Generation Manager,"London, United Kingdom - Deliveroo",https://job-boards.greenhouse.io/deliveroo/jobs/8206635,Greenhouse,True,2026-10-09
deliveroo,BI Engineer,"London, United Kingdom - Deliveroo",https://job-boards.greenhouse.io/deliveroo/jobs/8206461,Greenhouse,True,2026-10-09
deliveroo,Business Development Manager - Newcastle,"Leeds, United Kingdom",https://job-boards.greenhouse.io/deliveroo/jobs/8206335,Greenhouse,True,2026-10-09
deliveroo,Business Development Manager - South West England,"Bristol, United Kingdom",https://job-boards.greenhouse.io/deliveroo/jobs/8205894,Greenhouse,True,2026-10-09
deliveroo,Business Systems Analyst - Workday Time Tracking & Absence Management,"London, United Kingdom - Deliveroo",https://job-boards.greenhouse.io/deliveroo/jobs/8206643,Greenhouse,True,2026-10-09
deliveroo,Care Operations Manager - French,"London, United Kingdom - Deliveroo",https://job-boards.greenhouse.io/deliveroo/jobs/8206285,Greenhouse,True,2026-10-09
deliveroo,Chinese Category Client Partner (Mandarin Speaking),"Birmingham, United Kingdom; Bristol, United Kingdom; Leeds, United Kingdom; London, United Kingdom; Manchester, United Kingdom",https://job-boards.greenhouse.io/deliveroo/jobs/8234571,Greenhouse,True,2026-10-09
deliveroo,"City Manager (Newcastle, Durham, York)","Leeds, United Kingdom",https://job-boards.greenhouse.io/deliveroo/jobs/8202584,Greenhouse,True,2026-10-09
deliveroo,Client Partner,"London, United Kingdom - Deliveroo",https://job-boards.greenhouse.io/deliveroo/jobs/8202578,Greenhouse,True,2026-10-09
deliveroo,"Commercial Manager, Host Kitchens","London, United Kingdom - Deliveroo",https://job-boards.greenhouse.io/deliveroo/jobs/8261135,Greenhouse,True,2026-10-09
deliveroo,"Commercial Manager, Supply Chain","London, United Kingdom - Deliveroo",https://job-boards.greenhouse.io/deliveroo/jobs/8206491,Greenhouse,True,2026-10-09
deliveroo,Corporate Account Manager,"London, United Kingdom - Deliveroo",https://job-boards.greenhouse.io/deliveroo/jobs/8236353,Greenhouse,True,2026-10-09
deliveroo,Corporate Commercial Manager - Deliveroo for Work,"London, United Kingdom - Deliveroo",https://job-boards.greenhouse.io/deliveroo/jobs/8236361,Greenhouse,True,2026-10-09
deliveroo,Corporate Sales Team Lead,"London, United Kingdom - Deliveroo",https://job-boards.greenhouse.io/deliveroo/jobs/8236381,Greenhouse,True,2026-10-09
deliveroo,Data Science Manager,"London, United Kingdom - Deliveroo",https://job-boards.greenhouse.io/deliveroo/jobs/8202485,Greenhouse,True,2026-10-09
deliveroo,Field Sales Executive  -  South West England,"Bristol, United Kingdom",https://job-boards.greenhouse.io/deliveroo/jobs/8232678,Greenhouse,True,2026-10-09
deliveroo,Field Sales Executive (Mandarin Speaking) - Birmingham,"Birmingham, United Kingdom",https://job-boards.greenhouse.io/deliveroo/jobs/8259117,Greenhouse,True,2026-10-09
deliveroo,Field Sales Executive - Brighton,"Brighton, United Kingdom; London, United Kingdom - Deliveroo",https://job-boards.greenhouse.io/deliveroo/jobs/8258354,Greenhouse,True,2026-10-09
deliveroo,Field Sales Executive - Newcastle,"Leeds, United Kingdom",https://job-boards.greenhouse.io/deliveroo/jobs/8232681,Greenhouse,True,2026-10-09
deliveroo,Field Sales Executive - Reading & Bracknell,"London, United Kingdom",https://job-boards.greenhouse.io/deliveroo/jobs/8258339,Greenhouse,True,2026-10-09
deliveroo,Field Sales Executive - Sevenoaks & Tunbridge Wells,"London, United Kingdom",https://job-boards.greenhouse.io/deliveroo/jobs/8258342,Greenhouse,True,2026-10-09
deliveroo,"Field Sales Executive, Mandarin Speaking - Edinburgh","Edinburgh, United Kingdom",https://job-boards.greenhouse.io/deliveroo/jobs/8234640,Greenhouse,True,2026-10-09
deliveroo,Field Sales Representative  -  South West England,"Bristol, United Kingdom",https://job-boards.greenhouse.io/deliveroo/jobs/8232675,Greenhouse,True,2026-10-09
deliveroo,Field Sales Representative (Mandarin Speaking) - Birmingham,"Birmingham, United Kingdom",https://job-boards.greenhouse.io/deliveroo/jobs/8259107,Greenhouse,True,2026-10-09
deliveroo,Field Sales Representative - Brighton,"Brighton, United Kingdom; London, United Kingdom - Deliveroo",https://job-boards.greenhouse.io/deliveroo/jobs/8258359,Greenhouse,True,2026-10-09
deliveroo,Field Sales Representative - Greater London,"London, United Kingdom - Deliveroo",https://job-boards.greenhouse.io/deliveroo/jobs/8202444,Greenhouse,True,2026-10-09
deliveroo,Field Sales Representative - Ipswich & Chelmsford,"London, United Kingdom - Deliveroo",https://job-boards.greenhouse.io/deliveroo/jobs/8243751,Greenhouse,True,2026-10-09
deliveroo,Field Sales Representative - Newcastle,"Leeds, United Kingdom",https://job-boards.greenhouse.io/deliveroo/jobs/8232658,Greenhouse,True,2026-10-09
deliveroo,Field Sales Representative - Norwich,"London, United Kingdom - Deliveroo",https://job-boards.greenhouse.io/deliveroo/jobs/8223614,Greenhouse,True,2026-10-09
deliveroo,Field Sales Representative - Reading & Bracknell,"London, United Kingdom",https://job-boards.greenhouse.io/deliveroo/jobs/8238189,Greenhouse,True,2026-10-09
deliveroo,Field Sales Representative - Sevenoaks & Tunbridge Wells,"London, United Kingdom",https://job-boards.greenhouse.io/deliveroo/jobs/8258318,Greenhouse,True,2026-10-09
deliveroo,"Field Sales Representative - Southampton, Portsmouth and Winchester","London, United Kingdom - Deliveroo",https://job-boards.greenhouse.io/deliveroo/jobs/8223584,Greenhouse,True,2026-10-09
deliveroo,"Field Sales Representative, Mandarin Speaking - Edinburgh","Edinburgh, United Kingdom",https://job-boards.greenhouse.io/deliveroo/jobs/8249642,Greenhouse,True,2026-10-09
deliveroo,Field-Based Business Development Executive -  South West England,"Bristol, United Kingdom",https://job-boards.greenhouse.io/deliveroo/jobs/8232677,Greenhouse,True,2026-10-09
deliveroo,Field-Based Business Development Executive - Brighton,"Brighton, United Kingdom; London, United Kingdom - Deliveroo",https://job-boards.greenhouse.io/deliveroo/jobs/8258360,Greenhouse,True,2026-10-09
deliveroo,Field-Based Business Development Executive - Ipswich & Chelmsford,"London, United Kingdom - Deliveroo",https://job-boards.greenhouse.io/deliveroo/jobs/8258355,Greenhouse,True,2026-10-09
deliveroo,Field-Based Business Development Executive - Newcastle,"Leeds, United Kingdom",https://job-boards.greenhouse.io/deliveroo/jobs/8232657,Greenhouse,True,2026-10-09
deliveroo,Field-Based Business Development Executive - Reading & Bracknell,"London, United Kingdom",https://job-boards.greenhouse.io/deliveroo/jobs/8258340,Greenhouse,True,2026-10-09
deliveroo,Field-Based Business Development Executive - Sevenoaks & Tunbridge Wells,"London, United Kingdom",https://job-boards.greenhouse.io/deliveroo/jobs/8258345,Greenhouse,True,2026-10-09
deliveroo,Field-Based Business Development Representative (Mandarin Speaking) - Birmingham,"Birmingham, United Kingdom",https://job-boards.greenhouse.io/deliveroo/jobs/8258651,Greenhouse,True,2026-10-09
deliveroo,Finance Manager,"London, United Kingdom - Deliveroo",https://job-boards.greenhouse.io/deliveroo/jobs/8205868,Greenhouse,True,2026-10-09
deliveroo,Finance Manager - 12-month FTC,"London, United Kingdom - Deliveroo",https://job-boards.greenhouse.io/deliveroo/jobs/8206555,Greenhouse,True,2026-10-09
deliveroo,Finance and Strategy Senior Associate,"London, United Kingdom - Deliveroo",https://job-boards.greenhouse.io/deliveroo/jobs/8202464,Greenhouse,True,2026-10-09
deliveroo,"Franchisee Manager, Enterprise QSR","Bristol, United Kingdom",https://job-boards.greenhouse.io/deliveroo/jobs/8206393,Greenhouse,True,2026-10-09
deliveroo,French SDR Inbound,"Manchester, United Kingdom",https://job-boards.greenhouse.io/deliveroo/jobs/8202370,Greenhouse,True,2026-10-09
deliveroo,Global Procurement Change & Capability Lead,"London, United Kingdom - Deliveroo",https://job-boards.greenhouse.io/deliveroo/jobs/8236273,Greenhouse,True,2026-10-09
deliveroo,"Golang Backend Engineer, Financial Product Fraud","London, England",https://job-boards.greenhouse.io/deliveroo/jobs/8206659,Greenhouse,True,2026-10-09
deliveroo,"Head EMEA Refund Fraud, Integrity","London, United Kingdom - Deliveroo",https://job-boards.greenhouse.io/deliveroo/jobs/8242686,Greenhouse,True,2026-10-09
deliveroo,Head of International Product / Group Product Manager - Customer Experience,"London, United Kingdom - Deliveroo",https://job-boards.greenhouse.io/deliveroo/jobs/8206399,Greenhouse,True,2026-10-09
deliveroo,"Head of Partner Marketing, Merchant & Ads (New Verticals)","London, United Kingdom - Deliveroo",https://job-boards.greenhouse.io/deliveroo/jobs/8206621,Greenhouse,True,2026-10-09
deliveroo,"Head of Partner Marketing, Merchant & Ads (Restaurants)","London, United Kingdom - Deliveroo",https://job-boards.greenhouse.io/deliveroo/jobs/8206629,Greenhouse,True,2026-10-09
deliveroo,Head of Territory Management,"London, United Kingdom",https://job-boards.greenhouse.io/deliveroo/jobs/8236323,Greenhouse,True,2026-10-09
deliveroo,Machine Learning Engineer II - Growth & Personalisation,"London, England",https://job-boards.greenhouse.io/deliveroo/jobs/8202399,Greenhouse,True,2026-10-09
deliveroo,Merchant Operations Manager,"London, United Kingdom - Deliveroo",https://job-boards.greenhouse.io/deliveroo/jobs/8261132,Greenhouse,True,2026-10-09
deliveroo,New Partner Experience Advisor (Dutch/Flemish Speaking) - Belgium Market,"Manchester, United Kingdom",https://job-boards.greenhouse.io/deliveroo/jobs/8202613,Greenhouse,True,2026-10-09
deliveroo,New Partner Experience Advisor (UKI Market),"Manchester, United Kingdom",https://job-boards.greenhouse.io/deliveroo/jobs/8202431,Greenhouse,True,2026-10-09
deliveroo,New Partner Experience Advisor - French Speaking,"Manchester, United Kingdom",https://job-boards.greenhouse.io/deliveroo/jobs/8202544,Greenhouse,True,2026-10-09
deliveroo,New Partner Experience Advisor - Italian Speaking,"Manchester, United Kingdom",https://job-boards.greenhouse.io/deliveroo/jobs/8202392,Greenhouse,True,2026-10-09
deliveroo,Partner Operations Manager,"Manchester, United Kingdom",https://job-boards.greenhouse.io/deliveroo/jobs/8206029,Greenhouse,True,2026-10-09
deliveroo,"Product Manager, Ads","London, United Kingdom - Deliveroo",https://job-boards.greenhouse.io/deliveroo/jobs/8236373,Greenhouse,True,2026-10-09
deliveroo,"Product Manager, Finance Engineering","London, England",https://job-boards.greenhouse.io/deliveroo/jobs/8206313,Greenhouse,True,2026-10-09
deliveroo,Restaurant Launch Assistant - Dutch Speaking,"Manchester, United Kingdom",https://job-boards.greenhouse.io/deliveroo/jobs/8202572,Greenhouse,True,2026-10-09
deliveroo,Rider Onboarding Operations Representative,"London, United Kingdom - Deliveroo",https://job-boards.greenhouse.io/deliveroo/jobs/8236301,Greenhouse,True,2026-10-09
deliveroo,S&O Manager - Rider Fraud,"London, United Kingdom - Deliveroo",https://job-boards.greenhouse.io/deliveroo/jobs/8206497,Greenhouse,True,2026-10-09
deliveroo,SMB Account Manager - UKI,"Manchester, United Kingdom",https://job-boards.greenhouse.io/deliveroo/jobs/8202542,Greenhouse,True,2026-10-09
deliveroo,SMB Program Manager,"Manchester, United Kingdom",https://job-boards.greenhouse.io/deliveroo/jobs/8205822,Greenhouse,True,2026-10-09
deliveroo,Sales Development Representative (Italian Speaking),"Manchester, United Kingdom",https://job-boards.greenhouse.io/deliveroo/jobs/8202483,Greenhouse,True,2026-10-09
deliveroo,Sales Development Representative - UKI Market,"Manchester, United Kingdom",https://job-boards.greenhouse.io/deliveroo/jobs/8202388,Greenhouse,True,2026-10-09
deliveroo,Senior Analytics Engineer,"London, United Kingdom - Deliveroo",https://job-boards.greenhouse.io/deliveroo/jobs/8202508,Greenhouse,True,2026-10-09
deliveroo,Senior Corporate Security Engineer,"London, United Kingdom - Deliveroo",https://job-boards.greenhouse.io/deliveroo/jobs/8206001,Greenhouse,True,2026-10-09
deliveroo,"Senior Counsel, Competition & Litigation","London, United Kingdom - Deliveroo",https://job-boards.greenhouse.io/deliveroo/jobs/8242813,Greenhouse,True,2026-10-09
deliveroo,Senior Data Scientist,"London, United Kingdom",https://job-boards.greenhouse.io/deliveroo/jobs/8202372,Greenhouse,True,2026-10-09
deliveroo,Senior Data Scientist (Economist),"London, United Kingdom - Deliveroo",https://job-boards.greenhouse.io/deliveroo/jobs/8242432,Greenhouse,True,2026-10-09
deliveroo,"Senior Engineering Manager, Brand Ads and Promotions","London, England",https://job-boards.greenhouse.io/deliveroo/jobs/8206449,Greenhouse,True,2026-10-09
deliveroo,Senior Finance & Strategy Manager,"London, United Kingdom",https://job-boards.greenhouse.io/deliveroo/jobs/8202386,Greenhouse,True,2026-10-09
deliveroo,Senior Finance Manager,"London, England",https://job-boards.greenhouse.io/deliveroo/jobs/8206575,Greenhouse,True,2026-10-09
deliveroo,Senior Machine Learning Engineer - Growth & Personalisation,"London, England",https://job-boards.greenhouse.io/deliveroo/jobs/8202532,Greenhouse,True,2026-10-09
deliveroo,Senior Machine Learning Engineer - Recommendations,"London, England",https://job-boards.greenhouse.io/deliveroo/jobs/8261231,Greenhouse,True,2026-10-09
deliveroo,"Senior Manager, Accounting","London, United Kingdom - Deliveroo",https://job-boards.greenhouse.io/deliveroo/jobs/8206082,Greenhouse,True,2026-10-09
deliveroo,"Senior Manager, Commercial Enablement","London, England",https://job-boards.greenhouse.io/deliveroo/jobs/8206007,Greenhouse,True,2026-10-09
deliveroo,"Senior Manager, Corporate Services Sourcing","London, England",https://job-boards.greenhouse.io/deliveroo/jobs/8206517,Greenhouse,True,2026-10-09
deliveroo,Senior National Account Manager,"London, England",https://job-boards.greenhouse.io/deliveroo/jobs/8205864,Greenhouse,True,2026-10-09
deliveroo,Senior National Account Manager,"London, England",https://job-boards.greenhouse.io/deliveroo/jobs/8202380,Greenhouse,True,2026-10-09
deliveroo,"Senior Platform Engineer, Developer Platform","London, United Kingdom - Deliveroo",https://job-boards.greenhouse.io/deliveroo/jobs/8205924,Greenhouse,True,2026-10-09
deliveroo,Senior Product Data Scientist,"London, United Kingdom",https://job-boards.greenhouse.io/deliveroo/jobs/8220072,Greenhouse,True,2026-10-09
deliveroo,Senior Product Manager,"London, England",https://job-boards.greenhouse.io/deliveroo/jobs/8206031,Greenhouse,True,2026-10-09
deliveroo,"Senior Product Manager, Core People Technology","London, United Kingdom - Deliveroo",https://job-boards.greenhouse.io/deliveroo/jobs/8206559,Greenhouse,True,2026-10-09
deliveroo,"Senior Product Manager, New Verticals","London, United Kingdom",https://job-boards.greenhouse.io/deliveroo/jobs/8206045,Greenhouse,True,2026-10-09
deliveroo,"Senior Product Manager, Retail","London, England",https://job-boards.greenhouse.io/deliveroo/jobs/8206035,Greenhouse,True,2026-10-09
deliveroo,Senior Rider Onboarding Associate - (6 Months FTC),"London, United Kingdom - Deliveroo",https://job-boards.greenhouse.io/deliveroo/jobs/8206405,Greenhouse,True,2026-10-09
deliveroo,Senior Software Engineer,"London, United Kingdom - Deliveroo",https://job-boards.greenhouse.io/deliveroo/jobs/8206343,Greenhouse,True,2026-10-09
deliveroo,Senior Software Engineer (Backend) - New Verticals,"London, United Kingdom - Deliveroo",https://job-boards.greenhouse.io/deliveroo/jobs/8243077,Greenhouse,True,2026-10-09
deliveroo,Senior Software Engineer - Android,"London, United Kingdom - Deliveroo",https://job-boards.greenhouse.io/deliveroo/jobs/8202417,Greenhouse,True,2026-10-09
deliveroo,Senior Software Engineer - iOS,"London, United Kingdom - Deliveroo",https://job-boards.greenhouse.io/deliveroo/jobs/8202448,Greenhouse,True,2026-10-09
deliveroo,"Senior Software Engineer, Android SDUI","London, United Kingdom - Deliveroo",https://job-boards.greenhouse.io/deliveroo/jobs/8206363,Greenhouse,True,2026-10-09
deliveroo,"Senior Software Engineer, Full-Stack - New Verticals","London, United Kingdom - Deliveroo",https://job-boards.greenhouse.io/deliveroo/jobs/8249733,Greenhouse,True,2026-10-09
deliveroo,"Senior Software Engineer, GenAI Platform","London, United Kingdom - Deliveroo",https://job-boards.greenhouse.io/deliveroo/jobs/8205846,Greenhouse,True,2026-10-09
deliveroo,"Senior Software Engineer, Proactive Security","London, United Kingdom - Deliveroo",https://job-boards.greenhouse.io/deliveroo/jobs/8206049,Greenhouse,True,2026-10-09
deliveroo,Senior Technical Programme Manager - Money,"London, United Kingdom - Deliveroo",https://job-boards.greenhouse.io/deliveroo/jobs/8206515,Greenhouse,True,2026-10-09
deliveroo,Senior Technical Recruiter,"London, United Kingdom - Deliveroo",https://job-boards.greenhouse.io/deliveroo/jobs/8243308,Greenhouse,True,2026-10-09
deliveroo,Software Engineer,"London, United Kingdom - Deliveroo",https://job-boards.greenhouse.io/deliveroo/jobs/8206351,Greenhouse,True,2026-10-09
deliveroo,Software Engineer II (Backend) - Home Page & Merchandising Platform,"London, United Kingdom - Deliveroo",https://job-boards.greenhouse.io/deliveroo/jobs/8220737,Greenhouse,True,2026-10-09
deliveroo,Software Engineer II (Backend) - Subscriptions,"London, United Kingdom - Deliveroo",https://job-boards.greenhouse.io/deliveroo/jobs/8230107,Greenhouse,True,2026-10-09
deliveroo,Software Engineer II (Full-Stack) - Storefront,"London, United Kingdom - Deliveroo",https://job-boards.greenhouse.io/deliveroo/jobs/8230463,Greenhouse,True,2026-10-09
deliveroo,Software Engineer II - Android,"London, United Kingdom - Deliveroo",https://job-boards.greenhouse.io/deliveroo/jobs/8202481,Greenhouse,True,2026-10-09
deliveroo,Software Engineer II - New Verticals,"London, United Kingdom - Deliveroo",https://job-boards.greenhouse.io/deliveroo/jobs/8243100,Greenhouse,True,2026-10-09
deliveroo,"Software Engineer II, Full-Stack - New Verticals","London, United Kingdom - Deliveroo",https://job-boards.greenhouse.io/deliveroo/jobs/8249731,Greenhouse,True,2026-10-09
deliveroo,"Software Engineer, Backend (BI Platform)","London, United Kingdom - Deliveroo",https://job-boards.greenhouse.io/deliveroo/jobs/8206463,Greenhouse,True,2026-10-09
deliveroo,"Software Engineer, New Grad","London, United Kingdom - Deliveroo",https://job-boards.greenhouse.io/deliveroo/jobs/8202627,Greenhouse,True,2026-10-09
deliveroo,Staff Product Designer,"London, England",https://job-boards.greenhouse.io/deliveroo/jobs/8202562,Greenhouse,True,2026-10-09
deliveroo,Staff Product Designer (Motion),"London, United Kingdom - Deliveroo",https://job-boards.greenhouse.io/deliveroo/jobs/8258301,Greenhouse,True,2026-10-09
deliveroo,Staff Product Designer (Retail),"London, United Kingdom - Deliveroo",https://job-boards.greenhouse.io/deliveroo/jobs/8258559,Greenhouse,True,2026-10-09
deliveroo,"Staff Product Manager, People Product","London, United Kingdom - Deliveroo",https://job-boards.greenhouse.io/deliveroo/jobs/8205774,Greenhouse,True,2026-10-09
deliveroo,Staff Software Engineer,"London, United Kingdom - Deliveroo",https://job-boards.greenhouse.io/deliveroo/jobs/8202586,Greenhouse,True,2026-10-09
deliveroo,Staff Software Engineer - Full-Stack,"London, United Kingdom - Deliveroo",https://job-boards.greenhouse.io/deliveroo/jobs/8202560,Greenhouse,True,2026-10-09
deliveroo,"Staff Software Engineer, Dev Environments","London, United Kingdom - Deliveroo",https://job-boards.greenhouse.io/deliveroo/jobs/8206509,Greenhouse,True,2026-10-09
deliveroo,"Staff Software Engineer, Full Stack - New Verticals","London, United Kingdom - Deliveroo",https://job-boards.greenhouse.io/deliveroo/jobs/8243120,Greenhouse,True,2026-10-09
deliveroo,Strategy & Operations Manager - Payments Risk & Fraud,"London, England",https://job-boards.greenhouse.io/deliveroo/jobs/8206371,Greenhouse,True,2026-10-09
deliveroo,Strategy & Operations Manager – Emerging Fraud & Abuse,"London, England",https://job-boards.greenhouse.io/deliveroo/jobs/8206375,Greenhouse,True,2026-10-09
deliveroo,"Strategy & Operations, Expansion Program Manager","London, United Kingdom - Deliveroo",https://job-boards.greenhouse.io/deliveroo/jobs/8206527,Greenhouse,True,2026-10-09
deliveroo,Technical Integrations Manager,"London, United Kingdom - Deliveroo",https://job-boards.greenhouse.io/deliveroo/jobs/8206369,Greenhouse,True,2026-10-09
deliveroo,Technical Sourcer (FTC),"London, United Kingdom - Deliveroo",https://job-boards.greenhouse.io/deliveroo/jobs/8206577,Greenhouse,True,2026-10-09
deliveroo,Territory Manager,"London, United Kingdom - Deliveroo",https://job-boards.greenhouse.io/deliveroo/jobs/8258444,Greenhouse,True,2026-10-09
elastic,AWS Alliance Director — EMEA,United Kingdom,https://jobs.elastic.co/jobs?gh_jid=8121350&gh_jid=8121350,Greenhouse,True,2026-10-09
elastic,Elastic Consulting Architect - Public Sector,United Kingdom,https://jobs.elastic.co/jobs?gh_jid=8018328&gh_jid=8018328,Greenhouse,True,2026-10-09
elastic,Enterprise Account Executive,United Kingdom,https://jobs.elastic.co/jobs?gh_jid=8035004&gh_jid=8035004,Greenhouse,True,2026-10-09
elastic,Inside Account Executive (Hunter),"New York City, NY",https://jobs.elastic.co/jobs?gh_jid=7997314&gh_jid=7997314,Greenhouse,True,2026-10-09
elastic,Mid Market Account Executive,United Kingdom,https://jobs.elastic.co/jobs?gh_jid=8158597&gh_jid=8158597,Greenhouse,True,2026-10-09
elastic,Principal AI Engineer - Context - Agents and Context,United Kingdom,https://jobs.elastic.co/jobs?gh_jid=8223681&gh_jid=8223681,Greenhouse,True,2026-10-09
elastic,Principal Product Manager (Strategic Account Interactions) - Security Solutions,United Kingdom,https://jobs.elastic.co/jobs?gh_jid=8155427&gh_jid=8155427,Greenhouse,True,2026-10-09
elastic,Principal Software Engineer (Java) - Security - Elasticsearch,United Kingdom,https://jobs.elastic.co/jobs?gh_jid=8260870&gh_jid=8260870,Greenhouse,True,2026-10-09
elastic,Principal Software Engineer - Search Infra - Elasticsearch,United Kingdom,https://jobs.elastic.co/jobs?gh_jid=8213963&gh_jid=8213963,Greenhouse,True,2026-10-09
elastic,Principal Software Engineer I - CI/CD - Platform Engineering Productivity,United Kingdom,https://jobs.elastic.co/jobs?gh_jid=8267189&gh_jid=8267189,Greenhouse,True,2026-10-09
elastic,Public Sector Account Executive (DWP),United Kingdom,https://jobs.elastic.co/jobs?gh_jid=7728182&gh_jid=7728182,Greenhouse,True,2026-10-09
elastic,Public Sector Account Executive (Education),"London, United Kingdom",https://jobs.elastic.co/jobs?gh_jid=8045325&gh_jid=8045325,Greenhouse,True,2026-10-09
elastic,Public Sector Account Executive - Defence,United Kingdom,https://jobs.elastic.co/jobs?gh_jid=8143969&gh_jid=8143969,Greenhouse,True,2026-10-09
elastic,Public Sector Partner Manager,United Kingdom,https://jobs.elastic.co/jobs?gh_jid=8026175&gh_jid=8026175,Greenhouse,True,2026-10-09
elastic,Regional Vice President,"London, United Kingdom",https://jobs.elastic.co/jobs?gh_jid=8103077&gh_jid=8103077,Greenhouse,True,2026-10-09
elastic,"Regional Vice President - Financial Services, Strategic Accounts","New York City, NY",https://jobs.elastic.co/jobs?gh_jid=8201974&gh_jid=8201974,Greenhouse,True,2026-10-09
elastic,Senior Information Security Infrastructure Engineer - Security Architecture - InfoSec,United Kingdom,https://jobs.elastic.co/jobs?gh_jid=8195967&gh_jid=8195967,Greenhouse,True,2026-10-09
elastic,Senior Java Engineer - Core / Infra - Elasticsearch,United Kingdom,https://jobs.elastic.co/jobs?gh_jid=8225981&gh_jid=8225981,Greenhouse,True,2026-10-09
elastic,Senior Java Software Engineer - Search Inference - Platform,United Kingdom,https://jobs.elastic.co/jobs?gh_jid=8237962&gh_jid=8237962,Greenhouse,True,2026-10-09
elastic,Senior Site Reliability Engineer - Platform Reliability (Resilience),United Kingdom,https://jobs.elastic.co/jobs?gh_jid=8232039&gh_jid=8232039,Greenhouse,True,2026-10-09
elastic,Senior Software Engineer - Integrations 3P - Platform,United Kingdom,https://jobs.elastic.co/jobs?gh_jid=8173421&gh_jid=8173421,Greenhouse,True,2026-10-09
elastic,Senior Software Engineer - Prism - Security,United Kingdom,https://jobs.elastic.co/jobs?gh_jid=8168938&gh_jid=8168938,Greenhouse,True,2026-10-09
elastic,Senior Solutions Architect,United Kingdom,https://jobs.elastic.co/jobs?gh_jid=8023149&gh_jid=8023149,Greenhouse,True,2026-10-09
elastic,Software Engineer II - EDR Workflows - Security,United Kingdom,https://jobs.elastic.co/jobs?gh_jid=8173419&gh_jid=8173419,Greenhouse,True,2026-10-09
elastic,Solutions Architect - Search Specialist,United Kingdom,https://jobs.elastic.co/jobs?gh_jid=8153272&gh_jid=8153272,Greenhouse,True,2026-10-09
elastic,Strategic Account Executive - Financial Services,"New York City, NY",https://jobs.elastic.co/jobs?gh_jid=8258750&gh_jid=8258750,Greenhouse,True,2026-10-09
elastic,UK Commercial Counsel Public Sector,United Kingdom,https://jobs.elastic.co/jobs?gh_jid=8044321&gh_jid=8044321,Greenhouse,True,2026-10-09
figma,"Account Executive, Enterprise (London, United Kingdom)","London, England",https://boards.greenhouse.io/figma/jobs/5458801004?gh_jid=5458801004,Greenhouse,True,2026-10-09
figma,"Account Executive, Mid-Market (London, United Kingdom)","London, England",https://boards.greenhouse.io/figma/jobs/5415515004?gh_jid=5415515004,Greenhouse,True,2026-10-09
figma,"Account Executive, SMB","San Francisco, CA • New York, NY",https://boards.greenhouse.io/figma/jobs/5694259004?gh_jid=5694259004,Greenhouse,True,2026-10-09
figma,"Account Executive, SMB (London, United Kingdom)","London, England",https://boards.greenhouse.io/figma/jobs/5647851004?gh_jid=5647851004,Greenhouse,True,2026-10-09
figma,"Account Executive, Strategic (London, United Kingdom)","London, England",https://boards.greenhouse.io/figma/jobs/5822886004?gh_jid=5822886004,Greenhouse,True,2026-10-09
figma,Corporate Communications Manager,"San Francisco, CA • New York, NY",https://boards.greenhouse.io/figma/jobs/6208862004?gh_jid=6208862004,Greenhouse,True,2026-10-09
figma,Data Engineer Intern (2027),"San Francisco, CA • New York, NY",https://boards.greenhouse.io/figma/jobs/6178851004?gh_jid=6178851004,Greenhouse,True,2026-10-09
figma,Data Science Intern (2027),"San Francisco, CA • New York, NY",https://boards.greenhouse.io/figma/jobs/6178857004?gh_jid=6178857004,Greenhouse,True,2026-10-09
figma,"Director, SMB Sales (London, United Kingdom)","London, England",https://boards.greenhouse.io/figma/jobs/6163420004?gh_jid=6163420004,Greenhouse,True,2026-10-09
figma,"Early Career, Product Designer (2027)","San Francisco, CA • New York, NY",https://boards.greenhouse.io/figma/jobs/6180053004?gh_jid=6180053004,Greenhouse,True,2026-10-09
figma,"Enterprise Support Specialist, Korean Speaking (London, United Kingdom)","London, England",https://boards.greenhouse.io/figma/jobs/6105678004?gh_jid=6105678004,Greenhouse,True,2026-10-09
figma,"Events Manager - Figma Weave (New York, United States)","New York, NY",https://boards.greenhouse.io/figma/jobs/6126728004?gh_jid=6126728004,Greenhouse,True,2026-10-09
figma,Executive Communications Manager,"San Francisco, CA • New York, NY",https://boards.greenhouse.io/figma/jobs/6150074004?gh_jid=6150074004,Greenhouse,True,2026-10-09
figma,"Manager, Inside Sales (London, United Kingdom)","London, England",https://boards.greenhouse.io/figma/jobs/6010992004?gh_jid=6010992004,Greenhouse,True,2026-10-09
figma,"Manager, Mid-Market Sales (London, United Kingdom)","London, England",https://boards.greenhouse.io/figma/jobs/6186265004?gh_jid=6186265004,Greenhouse,True,2026-10-09
figma,"Manager, Product Management - Roundtripping (London, United Kingdom)","London, England",https://boards.greenhouse.io/figma/jobs/6149007004?gh_jid=6149007004,Greenhouse,True,2026-10-09
figma,"Manager, Strategic Sales","San Francisco, CA • New York, NY",https://boards.greenhouse.io/figma/jobs/5620034004?gh_jid=5620034004,Greenhouse,True,2026-10-09
figma,"Manager, Technical Support (London, United Kingdom)","London, England",https://boards.greenhouse.io/figma/jobs/6189444004?gh_jid=6189444004,Greenhouse,True,2026-10-09
figma,"PhD Intern, AI Applied Scientist (2027)","San Francisco, CA • New York, NY",https://boards.greenhouse.io/figma/jobs/6207801004?gh_jid=6207801004,Greenhouse,True,2026-10-09
figma,"PhD Intern, Data Science (2027)","San Francisco, CA • New York, NY",https://boards.greenhouse.io/figma/jobs/6200626004?gh_jid=6200626004,Greenhouse,True,2026-10-09
figma,Product Design Intern (2027),"San Francisco, CA • New York, NY",https://boards.greenhouse.io/figma/jobs/6180005004?gh_jid=6180005004,Greenhouse,True,2026-10-09
figma,"Product Designer, Roundtripping (London, United Kingdom)","London, England",https://boards.greenhouse.io/figma/jobs/6193686004?gh_jid=6193686004,Greenhouse,True,2026-10-09
figma,"Program Manager, Scale Onboarding (London, United Kingdom)","London, England",https://boards.greenhouse.io/figma/jobs/6130540004?gh_jid=6130540004,Greenhouse,True,2026-10-09
figma,"Senior Account Executive, UK Government (London, United Kingdom)","London, England",https://boards.greenhouse.io/figma/jobs/5988684004?gh_jid=5988684004,Greenhouse,True,2026-10-09
figma,"Senior Customer Enablement Manager (London, United Kingdom)","London, England",https://boards.greenhouse.io/figma/jobs/6130557004?gh_jid=6130557004,Greenhouse,True,2026-10-09
figma,"Senior Manager, Enterprise Sales (London, United Kingdom)","London, England",https://boards.greenhouse.io/figma/jobs/6124232004?gh_jid=6124232004,Greenhouse,True,2026-10-09
figma,"Software Engineer - AI Product (London, United Kingdom)","London, England",https://boards.greenhouse.io/figma/jobs/5551697004?gh_jid=5551697004,Greenhouse,True,2026-10-09
figma,"Software Engineer - Machine Learning (London, United Kingdom)","London, England",https://boards.greenhouse.io/figma/jobs/6166497004?gh_jid=6166497004,Greenhouse,True,2026-10-09
figma,"Software Engineer Intern (London, United Kingdom) (Summer 2027)","London, England",https://boards.greenhouse.io/figma/jobs/6152695004?gh_jid=6152695004,Greenhouse,True,2026-10-09
figma,Software Engineer Intern (Summer 2027),"San Francisco, CA • New York, NY",https://boards.greenhouse.io/figma/jobs/6143238004?gh_jid=6143238004,Greenhouse,True,2026-10-09
figma,"Solutions Consultant (London, United Kingdom)","London, England",https://boards.greenhouse.io/figma/jobs/5735493004?gh_jid=5735493004,Greenhouse,True,2026-10-09
mongodb,"Compensation Manager, Customer",Atlanta; Austin; Baltimore; Boston; Chicago; Conshohocken; Dallas; Houston; Minneapolis; New York City; Pittsburgh; Washington DC,https://www.mongodb.com/careers/job/?gh_jid=8201245,Greenhouse,True,2026-10-09
mongodb,Customer Success Manager,New York City,https://www.mongodb.com/careers/job/?gh_jid=8060800,Greenhouse,True,2026-10-09
mongodb,Enterprise Account Executive,London,https://www.mongodb.com/careers/job/?gh_jid=8260947,Greenhouse,True,2026-10-09
mongodb,Enterprise Account Executive,London,https://www.mongodb.com/careers/job/?gh_jid=7607210,Greenhouse,True,2026-10-09
mongodb,Enterprise Account Executive,London,https://www.mongodb.com/careers/job/?gh_jid=8153715,Greenhouse,True,2026-10-09
mongodb,Enterprise Account Executive,London,https://www.mongodb.com/careers/job/?gh_jid=7219459,Greenhouse,True,2026-10-09
mongodb,"Enterprise Account Executive, AI Natives",London,https://www.mongodb.com/careers/job/?gh_jid=8147938,Greenhouse,True,2026-10-09
mongodb,"Enterprise Account Executive, Growth",Boston; New York City; Pennsylvania,https://www.mongodb.com/careers/job/?gh_jid=7362626,Greenhouse,True,2026-10-09
mongodb,"Enterprise Account Executive, Growth",New York City,https://www.mongodb.com/careers/job/?gh_jid=7032023,Greenhouse,True,2026-10-09
mongodb,"Lead, Technical Services",New York City,https://www.mongodb.com/careers/job/?gh_jid=8258712,Greenhouse,True,2026-10-09
mongodb,"Manager, Site Reliability Engineering - Storage Layer Service",New York City,https://www.mongodb.com/careers/job/?gh_jid=7743304,Greenhouse,True,2026-10-09
mongodb,Product Pricing & Monetization Strategy - Associate,New York City,https://www.mongodb.com/careers/job/?gh_jid=7523751,Greenhouse,True,2026-10-09
mongodb,Senior Consulting Engineer,Great Britain; London,https://www.mongodb.com/careers/job/?gh_jid=8127859,Greenhouse,True,2026-10-09
mongodb,Senior Customer Success Manager - FSI,New York City,https://www.mongodb.com/careers/job/?gh_jid=7944023,Greenhouse,True,2026-10-09
mongodb,"Senior Data Product Manager, Product Telemetry",New York City; Palo Alto; San Francisco,https://www.mongodb.com/careers/job/?gh_jid=7428476,Greenhouse,True,2026-10-09
mongodb,Senior Engagement Manager,Atlanta; New York City,https://www.mongodb.com/careers/job/?gh_jid=8172986,Greenhouse,True,2026-10-09
mongodb,Senior Enterprise Account Executive,London,https://www.mongodb.com/careers/job/?gh_jid=7227836,Greenhouse,True,2026-10-09
mongodb,"Senior Enterprise Account Executive, Growth",New York City,https://www.mongodb.com/careers/job/?gh_jid=7967394,Greenhouse,True,2026-10-09
mongodb,"Senior Enterprise Account Executive, Growth",New York City,https://www.mongodb.com/careers/job/?gh_jid=8097302,Greenhouse,True,2026-10-09
mongodb,Senior Financial Analyst,Austin; New York City; Palo Alto; San Francisco,https://www.mongodb.com/careers/job/?gh_jid=8237572,Greenhouse,True,2026-10-09
mongodb,Senior HR Business Partner,Austin; Boston; New York City; Philadelphia; Tysons; Washington DC,https://www.mongodb.com/careers/job/?gh_jid=8169006,Greenhouse,True,2026-10-09
mongodb,"Senior Manager, Financial Planning & Analysis",Austin; New York City,https://www.mongodb.com/careers/job/?gh_jid=8154864,Greenhouse,True,2026-10-09
mongodb,"Senior Manager, Financial Planning & Analysis",Austin; New York City,https://www.mongodb.com/careers/job/?gh_jid=8072504,Greenhouse,True,2026-10-09
mongodb,"Senior Manager, Recruiting Operations",Austin; Chicago; New York City; Palo Alto; San Francisco,https://www.mongodb.com/careers/job/?gh_jid=7782383,Greenhouse,True,2026-10-09
mongodb,"Senior Manager, Technical Revenue",Austin; New York City; Palo Alto,https://www.mongodb.com/careers/job/?gh_jid=7736164,Greenhouse,True,2026-10-09
mongodb,"Senior Product Manager, Post Sales",Austin; New York City; Palo Alto; Seattle,https://www.mongodb.com/careers/job/?gh_jid=7975695,Greenhouse,True,2026-10-09
mongodb,"Senior Revenue Analyst, Technical Revenue",Austin; New York City; Palo Alto,https://www.mongodb.com/careers/job/?gh_jid=7557741,Greenhouse,True,2026-10-09
mongodb,Senior Salesforce Engineer,New York City,https://www.mongodb.com/careers/job/?gh_jid=7991447,Greenhouse,True,2026-10-09
mongodb,"Senior Software Engineer, Identity & Access Management (FedRAMP)",New York City,https://www.mongodb.com/careers/job/?gh_jid=8140617,Greenhouse,True,2026-10-09
mongodb,"Senior Software Engineer, Identity & Access Management (FedRamp)",Austin; Boston; Chicago; New York City; Palo Alto; Philadelphia; San Francisco,https://www.mongodb.com/careers/job/?gh_jid=8140620,Greenhouse,True,2026-10-09
mongodb,"Site Reliability Engineer (Senior or Staff), Deployments",Boston; Miami; New Jersey; New York City; Princeton; Raleigh; Washington DC,https://www.mongodb.com/careers/job/?gh_jid=7727910,Greenhouse,True,2026-10-09
mongodb,Site Reliability Engineer 3,New York City,https://www.mongodb.com/careers/job/?gh_jid=7821316,Greenhouse,True,2026-10-09
mongodb,"Software Engineer 3, Atlas Clusters Platform",New York City,https://www.mongodb.com/careers/job/?gh_jid=8089859,Greenhouse,True,2026-10-09
mongodb,Solutions Architect,London,https://www.mongodb.com/careers/job/?gh_jid=8174075,Greenhouse,True,2026-10-09
mongodb,"Sr. Manager, Corporate Development & Ventures",Austin; New York City; Palo Alto; San Francisco,https://www.mongodb.com/careers/job/?gh_jid=8211464,Greenhouse,True,2026-10-09
mongodb,"Staff Engineer, Atlas Agent Engine",New York City,https://www.mongodb.com/careers/job/?gh_jid=8173735,Greenhouse,True,2026-10-09
mongodb,Strategic Finance Analyst,New York City,https://www.mongodb.com/careers/job/?gh_jid=8192216,Greenhouse,True,2026-10-09
reddit,3rd Party Partnerships Manager - Signals,"New York City, NY",https://job-boards.greenhouse.io/reddit/jobs/8089959,Greenhouse,True,2026-10-09
reddit,"Chief of Staff, Global Sales","London, United Kingdom",https://job-boards.greenhouse.io/reddit/jobs/8249259,Greenhouse,True,2026-10-09
reddit,"Chief of Staff, Global Sales","New York City, NY",https://job-boards.greenhouse.io/reddit/jobs/8187521,Greenhouse,True,2026-10-09
reddit,"Community Manager, French Speaking (Contract)",Remote - United Kingdom,https://job-boards.greenhouse.io/reddit/jobs/8143677,Greenhouse,True,2026-10-09
reddit,"Country Lead, Business Marketing, UK","London, United Kingdom",https://job-boards.greenhouse.io/reddit/jobs/8121099,Greenhouse,True,2026-10-09
reddit,"Director, Revenue Strategy & Operations (Large Customer Sales)","New York City, NY",https://job-boards.greenhouse.io/reddit/jobs/8186447,Greenhouse,True,2026-10-09
reddit,Global Indirect Tax Manager,Remote - United Kingdom,https://job-boards.greenhouse.io/reddit/jobs/8189894,Greenhouse,True,2026-10-09
reddit,International Payroll Analyst,Remote - United Kingdom,https://job-boards.greenhouse.io/reddit/jobs/8234154,Greenhouse,True,2026-10-09
reddit,"Lead Client Partner, Global Strategic Accounts (Tech)","New York City, NY",https://job-boards.greenhouse.io/reddit/jobs/8196302,Greenhouse,True,2026-10-09
reddit,"Lead Client Partner, Global Strategic Accounts (Tech)","Los Angeles, CA; New York City, NY",https://job-boards.greenhouse.io/reddit/jobs/8249469,Greenhouse,True,2026-10-09
reddit,"Lead Client Partner, Large Customer Sales (Restaurants & Drinks)","Chicago, IL; Los Angeles, CA; New York City, NY; San Francisco, CA",https://job-boards.greenhouse.io/reddit/jobs/8257083,Greenhouse,True,2026-10-09
reddit,"Manager, Large Customer Sales - UK","London, United Kingdom",https://job-boards.greenhouse.io/reddit/jobs/8023926,Greenhouse,True,2026-10-09
reddit,Revenue Strategy & Operations Partner,"New York City, NY",https://job-boards.greenhouse.io/reddit/jobs/8239905,Greenhouse,True,2026-10-09
reddit,"Senior Client Account Manager, App Dev Enterprise","New York City, NY",https://job-boards.greenhouse.io/reddit/jobs/8171546,Greenhouse,True,2026-10-09
reddit,"Senior Client Account Manager, Global Strategic Accounts (UK)","London, United Kingdom",https://job-boards.greenhouse.io/reddit/jobs/8017263,Greenhouse,True,2026-10-09
reddit,"Senior Client Partner, Large Customer Sales (Big Box Retail)","Chicago, IL; New York City, NY",https://job-boards.greenhouse.io/reddit/jobs/8140121,Greenhouse,True,2026-10-09
reddit,Senior Creative Strategist - App Dev,"New York City, NY",https://job-boards.greenhouse.io/reddit/jobs/7769002,Greenhouse,True,2026-10-09
reddit,Senior GTM Insights Automation Manager,"Chicago, IL; Los Angeles, CA; New York City, NY; San Francisco, CA",https://job-boards.greenhouse.io/reddit/jobs/8077785,Greenhouse,True,2026-10-09
reddit,Senior Growth Manager (Contract),Remote - United Kingdom,https://job-boards.greenhouse.io/reddit/jobs/8143702,Greenhouse,True,2026-10-09
reddit,"Senior Growth Manager,  UK","London, United Kingdom",https://job-boards.greenhouse.io/reddit/jobs/8030230,Greenhouse,True,2026-10-09
reddit,"Senior Principal Program Manager, GTM Excellence","Chicago, IL; Los Angeles, CA; New York City, NY; San Francisco, CA",https://job-boards.greenhouse.io/reddit/jobs/8125836,Greenhouse,True,2026-10-09
reddit,"Senior Product Manager, Go-To-Market Systems","Chicago, IL; Los Angeles, CA; New York City, NY; San Francisco, CA",https://job-boards.greenhouse.io/reddit/jobs/8212175,Greenhouse,True,2026-10-09
reddit,"Senior Software Engineer, Core Platform","New York City, NY",https://job-boards.greenhouse.io/reddit/jobs/8022449,Greenhouse,True,2026-10-09
reddit,"Senior Support Engineer, Snoo Operations & Support","New York City, NY",https://job-boards.greenhouse.io/reddit/jobs/8147802,Greenhouse,True,2026-10-09
reddit,Senior Technical Solutions Manager,"London, United Kingdom",https://job-boards.greenhouse.io/reddit/jobs/8221539,Greenhouse,True,2026-10-09
reddit,"Staff Machine Learning Engineer, Ads Foundational Representations",Remote - United Kingdom,https://job-boards.greenhouse.io/reddit/jobs/8018513,Greenhouse,True,2026-10-09
reddit,"Trust and Safety Policy, Ads Policy,  Lead (Europe)",Remote - United Kingdom,https://job-boards.greenhouse.io/reddit/jobs/8190627,Greenhouse,True,2026-10-09
webflow,"Account Executive, EMEA (Germany)","London, U.K. (Hybrid)",https://job-boards.greenhouse.io/webflow/jobs/7951430,Greenhouse,True,2026-10-09
webflow,Sales Development Representative (German Speaking),"London, U.K. (Hybrid)",https://job-boards.greenhouse.io/webflow/jobs/7241307,Greenhouse,True,2026-10-09
webflow,"Sales Development Representative (SDR), EMEA","London, U.K. (Hybrid)",https://job-boards.greenhouse.io/webflow/jobs/7241229,Greenhouse,True,2026-10-09
webflow,"Senior Solutions Architect, EMEA","London, U.K. (Hybrid)",https://job-boards.greenhouse.io/webflow/jobs/8152736,Greenhouse,True,2026-10-09
